Data Recorder (12V) ,Data Recorder Xfer (12V) ,Software Defined Radio Max Power (9-13V),Software Defined Radio Min Power (9-13V),Star Cam Assy (12V),MonoProp Valve (12V),Focal Plane(12V),Frame Grabber (12V),Max Reg. Power
3,25,50,10,5,101.613,40,40,120
3,25,50,10,5,100.645,40,40,120
3,25,50,10,5,99.677,40,40,120
3,25,50,10,5,98.71,40,40,120
3,25,50,10,5,97.742,40,40,120
3,25,50,10,5,96.774,40,40,120
3,25,50,10,5,95.806,40,40,120
3,25,50,10,5,94.839,40,40,120
3,25,50,10,5,93.871,40,40,120
3,25,50,10,5,92.903,40,40,120
3,25,50,10,5,91.935,40,40,120
3,25,50,10,5,90.968,40,40,120
3,25,50,10,5,90,40,40,120
3,25,50,10,5,89.032,40,40,120
3,25,50,10,5,88.065,40,40,120
3,25,50,10,5,87.097,40,40,120
3,25,50,10,5,86.129,40,40,120
3,25,50,10,5,85.161,40,40,120
3,25,50,10,5,84.194,40,40,120
3,25,50,10,5,83.226,40,40,120
3,25,50,10,5,82.258,40,40,120
3,25,50,10,5,81.29,40,40,120
3,25,50,10,5,80.323,40,40,120
3,25,50,10,5,79.355,40,40,120
3,25,50,10,5,78.387,40,40,120
3,25,50,10,5,77.419,40,40,120
3,25,50,10,5,76.452,40,40,120
3,25,50,10,5,75.484,40,40,120
3,25,50,10,5,74.516,40,40,120
3,25,50,10,5,73.548,40,40,120
3,25,50,10,5,72.581,40,40,120
3,25,50,10,5,71.613,40,40,120
3,25,50,10,5,70.645,40,40,120
3,25,50,10,5,69.677,40,40,120
3,25,50,10,5,68.71,40,40,120
3,25,50,10,5,67.742,40,40,120
3,25,50,10,5,66.774,40,40,120
3,25,50,10,5,65.806,40,40,120
3,25,50,10,5,64.839,40,40,120
3,25,50,10,5,63.871,40,40,120
3,25,50,10,5,62.903,40,40,120
3,25,50,10,5,61.935,40,40,120
3,25,50,10,5,60.968,40,40,120
3,25,50,10,5,60,40,40,120
3,25,50,10,5,102.581,40,40,120.581
3,25,50,10,5,103.548,40,40,121.548
3,25,50,10,5,104.516,40,40,122.516
3,25,50,10,5,105.484,40,40,123.484
3,25,50,10,5,106.452,40,40,124.452
3,25,50,10,5,107.419,40,40,125.419
3,25,50,10,5,108.387,40,40,126.387
3,25,50,10,5,109.355,40,40,127.355
3,25,50,10,5,110.323,40,40,128.323
3,25,50,10,5,111.29,40,40,129.29
3,25,50,10,5,112.258,40,40,130.258
3,25,50,10,5,113.226,40,40,131.226
3,25,50,10,5,114.194,40,40,132.194
3,25,50,5,5,120,40,40,133
3,25,50,5.081,5,120,40,40,133.081
3,25,50,5.161,5,120,40,40,133.161
3,25,50,10,5,115.161,40,40,133.161
3,25,50,5.242,5,120,40,40,133.242
3,25,50,5.323,5,120,40,40,133.323
3,25,50,5.403,5,120,40,40,133.403
3,25,50,5.484,5,120,40,40,133.484
3,25,50,5.565,5,120,40,40,133.565
3,25,50,5.645,5,120,40,40,133.645
3,25,50,5.726,5,120,40,40,133.726
3,25,50,5.806,5,120,40,40,133.806
3,25,50,5.887,5,120,40,40,133.887
3,25,50,5.968,5,120,40,40,133.968
3,25,50,6.048,5,120,40,40,134.048
3,25,50,6.129,5,120,40,40,134.129
3,25,50,10,5,116.129,40,40,134.129
3,25,50,6.21,5,120,40,40,134.21
3,25,50,6.29,5,120,40,40,134.29
3,25,50,6.371,5,120,40,40,134.371
3,25,50,6.452,5,120,40,40,134.452
3,25,50,6.532,5,120,40,40,134.532
3,25,50,6.613,5,120,40,40,134.613
3,25,50,6.694,5,120,40,40,134.694
3,25,50,6.774,5,120,40,40,134.774
3,25,50,6.855,5,120,40,40,134.855
3,25,50,6.935,5,120,40,40,134.935
3,25,50,7.016,5,120,40,40,135.016
3,25,50,7.097,5,120,40,40,135.097
3,25,50,10,5,117.097,40,40,135.097
3,25,50,7.177,5,120,40,40,135.177
3,25,50,7.258,5,120,40,40,135.258
3,25,50,7.339,5,120,40,40,135.339
3,25,50,7.419,5,120,40,40,135.419
3,25,50,7.5,5,120,40,40,135.5
3,25,50,10,2.5,120,40,40,135.5
3,25,50,10,2.54,120,40,40,135.54
3,25,50,7.581,5,120,40,40,135.581
3,25,50,10,2.581,120,40,40,135.581
3,25,50,10,2.621,120,40,40,135.621
3,25,50,7.661,5,120,40,40,135.661
3,25,50,10,2.661,120,40,40,135.661
3,25,50,10,2.702,120,40,40,135.702
3,25,50,7.742,5,120,40,40,135.742
3,25,50,10,2.742,120,40,40,135.742
3,25,50,10,2.782,120,40,40,135.782
3,25,50,7.823,5,120,40,40,135.823
3,25,50,10,2.823,120,40,40,135.823
3,25,50,10,2.863,120,40,40,135.863
3,25,50,7.903,5,120,40,40,135.903
3,25,50,10,2.903,120,40,40,135.903
3,25,50,10,2.944,120,40,40,135.944
3,25,50,7.984,5,120,40,40,135.984
3,25,50,10,2.984,120,40,40,135.984
3,25,50,10,3.024,120,40,40,136.024
3,25,50,8.065,5,120,40,40,136.065
3,25,50,10,3.065,120,40,40,136.065
3,25,50,10,5,118.065,40,40,136.065
3,25,50,10,3.105,120,40,40,136.105
3,25,50,8.145,5,120,40,40,136.145
3,25,50,10,3.145,120,40,40,136.145
3,25,50,10,3.185,120,40,40,136.185
3,25,50,8.226,5,120,40,40,136.226
3,25,50,10,3.226,120,40,40,136.226
3,25,50,10,3.266,120,40,40,136.266
3,25,50,8.306,5,120,40,40,136.306
3,25,50,10,3.306,120,40,40,136.306
3,25,50,10,3.347,120,40,40,136.347
3,25,50,8.387,5,120,40,40,136.387
3,25,50,10,3.387,120,40,40,136.387
3,25,50,10,3.427,120,40,40,136.427
3,25,50,8.468,5,120,40,40,136.468
3,25,50,10,3.468,120,40,40,136.468
1.5,25,50,10,5,120,40,40,136.5
3,25,50,10,3.508,120,40,40,136.508
1.524,25,50,10,5,120,40,40,136.524
1.548,25,50,10,5,120,40,40,136.548
3,25,50,8.548,5,120,40,40,136.548
3,25,50,10,3.548,120,40,40,136.548
1.573,25,50,10,5,120,40,40,136.573
3,25,50,10,3.589,120,40,40,136.589
1.597,25,50,10,5,120,40,40,136.597
1.621,25,50,10,5,120,40,40,136.621
3,25,50,8.629,5,120,40,40,136.629
3,25,50,10,3.629,120,40,40,136.629
1.645,25,50,10,5,120,40,40,136.645
1.669,25,50,10,5,120,40,40,136.669
3,25,50,10,3.669,120,40,40,136.669
1.694,25,50,10,5,120,40,40,136.694
3,25,50,8.71,5,120,40,40,136.71
3,25,50,10,3.71,120,40,40,136.71
1.718,25,50,10,5,120,40,40,136.718
1.742,25,50,10,5,120,40,40,136.742
3,25,50,10,3.75,120,40,40,136.75
1.766,25,50,10,5,120,40,40,136.766
1.79,25,50,10,5,120,40,40,136.79
3,25,50,8.79,5,120,40,40,136.79
3,25,50,10,3.79,120,40,40,136.79
1.815,25,50,10,5,120,40,40,136.815
3,25,50,10,3.831,120,40,40,136.831
1.839,25,50,10,5,120,40,40,136.839
1.863,25,50,10,5,120,40,40,136.863
3,25,50,8.871,5,120,40,40,136.871
3,25,50,10,3.871,120,40,40,136.871
1.887,25,50,10,5,120,40,40,136.887
1.911,25,50,10,5,120,40,40,136.911
3,25,50,10,3.911,120,40,40,136.911
1.935,25,50,10,5,120,40,40,136.935
3,25,50,8.952,5,120,40,40,136.952
3,25,50,10,3.952,120,40,40,136.952
1.96,25,50,10,5,120,40,40,136.96
1.984,25,50,10,5,120,40,40,136.984
3,25,50,10,3.992,120,40,40,136.992
2.008,25,50,10,5,120,40,40,137.008
2.032,25,50,10,5,120,40,40,137.032
3,25,50,9.032,5,120,40,40,137.032
3,25,50,10,4.032,120,40,40,137.032
3,25,50,10,5,119.032,40,40,137.032
2.056,25,50,10,5,120,40,40,137.056
3,25,50,10,4.073,120,40,40,137.073
2.081,25,50,10,5,120,40,40,137.081
2.105,25,50,10,5,120,40,40,137.105
3,25,50,9.113,5,120,40,40,137.113
3,25,50,10,4.113,120,40,40,137.113
2.129,25,50,10,5,120,40,40,137.129
2.153,25,50,10,5,120,40,40,137.153
3,25,50,10,4.153,120,40,40,137.153
2.177,25,50,10,5,120,40,40,137.177
3,25,50,9.194,5,120,40,40,137.194
3,25,50,10,4.194,120,40,40,137.194
2.202,25,50,10,5,120,40,40,137.202
2.226,25,50,10,5,120,40,40,137.226
3,25,50,10,4.234,120,40,40,137.234
2.25,25,50,10,5,120,40,40,137.25
2.274,25,50,10,5,120,40,40,137.274
3,25,50,9.274,5,120,40,40,137.274
3,25,50,10,4.274,120,40,40,137.274
2.298,25,50,10,5,120,40,40,137.298
3,25,50,10,4.315,120,40,40,137.315
2.323,25,50,10,5,120,40,40,137.323
2.347,25,50,10,5,120,40,40,137.347
3,25,50,9.355,5,120,40,40,137.355
3,25,50,10,4.355,120,40,40,137.355
2.371,25,50,10,5,120,40,40,137.371
2.395,25,50,10,5,120,40,40,137.395
3,25,50,10,4.395,120,40,40,137.395
2.419,25,50,10,5,120,40,40,137.419
3,25,50,9.435,5,120,40,40,137.435
3,25,50,10,4.435,120,40,40,137.435
2.444,25,50,10,5,120,40,40,137.444
2.468,25,50,10,5,120,40,40,137.468
3,25,50,10,4.476,120,40,40,137.476
2.492,25,50,10,5,120,40,40,137.492
2.516,25,50,10,5,120,40,40,137.516
3,25,50,9.516,5,120,40,40,137.516
3,25,50,10,4.516,120,40,40,137.516
2.54,25,50,10,5,120,40,40,137.54
3,25,50,10,4.556,120,40,40,137.556
2.565,25,50,10,5,120,40,40,137.565
2.589,25,50,10,5,120,40,40,137.589
3,25,50,9.597,5,120,40,40,137.597
3,25,50,10,4.597,120,40,40,137.597
2.613,25,50,10,5,120,40,40,137.613
2.637,25,50,10,5,120,40,40,137.637
3,25,50,10,4.637,120,40,40,137.637
2.661,25,50,10,5,120,40,40,137.661
3,25,50,9.677,5,120,40,40,137.677
3,25,50,10,4.677,120,40,40,137.677
2.685,25,50,10,5,120,40,40,137.685
2.71,25,50,10,5,120,40,40,137.71
3,25,50,10,4.718,120,40,40,137.718
2.734,25,50,10,5,120,40,40,137.734
2.758,25,50,10,5,120,40,40,137.758
3,25,50,9.758,5,120,40,40,137.758
3,25,50,10,4.758,120,40,40,137.758
2.782,25,50,10,5,120,40,40,137.782
3,25,50,10,4.798,120,40,40,137.798
2.806,25,50,10,5,120,40,40,137.806
2.831,25,50,10,5,120,40,40,137.831
3,25,50,9.839,5,120,40,40,137.839
3,25,50,10,4.839,120,40,40,137.839
2.855,25,50,10,5,120,40,40,137.855
2.879,25,50,10,5,120,40,40,137.879
3,25,50,10,4.879,120,40,40,137.879
2.903,25,50,10,5,120,40,40,137.903
3,25,50,9.919,5,120,40,40,137.919
3,25,50,10,4.919,120,40,40,137.919
2.927,25,50,10,5,120,40,40,137.927
2.952,25,50,10,5,120,40,40,137.952
3,25,50,10,4.96,120,40,40,137.96
2.976,25,50,10,5,120,40,40,137.976
3,25,50,10,5,120,40,40,138
3,25.202,50,10,5,120,40,40,138
3,24.798,50,10,5,120,40,40,138
3,25.403,50,10,5,120,40,40,138
3,24.597,50,10,5,120,40,40,138
3,25.605,50,10,5,120,40,40,138
3,24.395,50,10,5,120,40,40,138
3,25.806,50,10,5,120,40,40,138
3,24.194,50,10,5,120,40,40,138
3,26.008,50,10,5,120,40,40,138
3,23.992,50,10,5,120,40,40,138
3,26.21,50,10,5,120,40,40,138
3,23.79,50,10,5,120,40,40,138
3,26.411,50,10,5,120,40,40,138
3,23.589,50,10,5,120,40,40,138
3,26.613,50,10,5,120,40,40,138
3,23.387,50,10,5,120,40,40,138
3,26.815,50,10,5,120,40,40,138
3,23.185,50,10,5,120,40,40,138
3,27.016,50,10,5,120,40,40,138
3,22.984,50,10,5,120,40,40,138
3,27.218,50,10,5,120,40,40,138
3,22.782,50,10,5,120,40,40,138
3,27.419,50,10,5,120,40,40,138
3,22.581,50,10,5,120,40,40,138
3,27.621,50,10,5,120,40,40,138
3,22.379,50,10,5,120,40,40,138
3,27.823,50,10,5,120,40,40,138
3,22.177,50,10,5,120,40,40,138
3,28.024,50,10,5,120,40,40,138
3,21.976,50,10,5,120,40,40,138
3,28.226,50,10,5,120,40,40,138
3,21.774,50,10,5,120,40,40,138
3,28.427,50,10,5,120,40,40,138
3,21.573,50,10,5,120,40,40,138
3,28.629,50,10,5,120,40,40,138
3,21.371,50,10,5,120,40,40,138
3,28.831,50,10,5,120,40,40,138
3,21.169,50,10,5,120,40,40,138
3,29.032,50,10,5,120,40,40,138
3,20.968,50,10,5,120,40,40,138
3,29.234,50,10,5,120,40,40,138
3,20.766,50,10,5,120,40,40,138
3,29.435,50,10,5,120,40,40,138
3,20.565,50,10,5,120,40,40,138
3,29.637,50,10,5,120,40,40,138
3,20.363,50,10,5,120,40,40,138
3,29.839,50,10,5,120,40,40,138
3,20.161,50,10,5,120,40,40,138
3,30.04,50,10,5,120,40,40,138
3,19.96,50,10,5,120,40,40,138
3,30.242,50,10,5,120,40,40,138
3,19.758,50,10,5,120,40,40,138
3,30.444,50,10,5,120,40,40,138
3,19.556,50,10,5,120,40,40,138
3,30.645,50,10,5,120,40,40,138
3,19.355,50,10,5,120,40,40,138
3,30.847,50,10,5,120,40,40,138
3,19.153,50,10,5,120,40,40,138
3,31.048,50,10,5,120,40,40,138
3,18.952,50,10,5,120,40,40,138
3,31.25,50,10,5,120,40,40,138
3,18.75,50,10,5,120,40,40,138
3,31.452,50,10,5,120,40,40,138
3,18.548,50,10,5,120,40,40,138
3,31.653,50,10,5,120,40,40,138
3,18.347,50,10,5,120,40,40,138
3,31.855,50,10,5,120,40,40,138
3,18.145,50,10,5,120,40,40,138
3,32.056,50,10,5,120,40,40,138
3,17.944,50,10,5,120,40,40,138
3,32.258,50,10,5,120,40,40,138
3,17.742,50,10,5,120,40,40,138
3,32.46,50,10,5,120,40,40,138
3,17.54,50,10,5,120,40,40,138
3,32.661,50,10,5,120,40,40,138
3,17.339,50,10,5,120,40,40,138
3,32.863,50,10,5,120,40,40,138
3,17.137,50,10,5,120,40,40,138
3,33.065,50,10,5,120,40,40,138
3,16.935,50,10,5,120,40,40,138
3,33.266,50,10,5,120,40,40,138
3,16.734,50,10,5,120,40,40,138
3,33.468,50,10,5,120,40,40,138
3,16.532,50,10,5,120,40,40,138
3,33.669,50,10,5,120,40,40,138
3,16.331,50,10,5,120,40,40,138
3,33.871,50,10,5,120,40,40,138
3,16.129,50,10,5,120,40,40,138
3,34.073,50,10,5,120,40,40,138
3,15.927,50,10,5,120,40,40,138
3,34.274,50,10,5,120,40,40,138
3,15.726,50,10,5,120,40,40,138
3,34.476,50,10,5,120,40,40,138
3,15.524,50,10,5,120,40,40,138
3,34.677,50,10,5,120,40,40,138
3,15.323,50,10,5,120,40,40,138
3,34.879,50,10,5,120,40,40,138
3,15.121,50,10,5,120,40,40,138
3,35.081,50,10,5,120,40,40,138
3,14.919,50,10,5,120,40,40,138
3,35.282,50,10,5,120,40,40,138
3,14.718,50,10,5,120,40,40,138
3,35.484,50,10,5,120,40,40,138
3,14.516,50,10,5,120,40,40,138
3,35.685,50,10,5,120,40,40,138
3,14.315,50,10,5,120,40,40,138
3,35.887,50,10,5,120,40,40,138
3,14.113,50,10,5,120,40,40,138
3,36.089,50,10,5,120,40,40,138
3,13.911,50,10,5,120,40,40,138
3,36.29,50,10,5,120,40,40,138
3,13.71,50,10,5,120,40,40,138
3,36.492,50,10,5,120,40,40,138
3,13.508,50,10,5,120,40,40,138
3,36.694,50,10,5,120,40,40,138
3,13.306,50,10,5,120,40,40,138
3,36.895,50,10,5,120,40,40,138
3,13.105,50,10,5,120,40,40,138
3,37.097,50,10,5,120,40,40,138
3,12.903,50,10,5,120,40,40,138
3,37.298,50,10,5,120,40,40,138
3,12.702,50,10,5,120,40,40,138
3,37.5,50,10,5,120,40,40,138
3,12.5,50,10,5,120,40,40,138
3,25,50.403,10,5,120,40,40,138
3,25,49.597,10,5,120,40,40,138
3,25,50.806,10,5,120,40,40,138
3,25,49.194,10,5,120,40,40,138
3,25,51.21,10,5,120,40,40,138
3,25,48.79,10,5,120,40,40,138
3,25,51.613,10,5,120,40,40,138
3,25,48.387,10,5,120,40,40,138
3,25,52.016,10,5,120,40,40,138
3,25,47.984,10,5,120,40,40,138
3,25,52.419,10,5,120,40,40,138
3,25,47.581,10,5,120,40,40,138
3,25,52.823,10,5,120,40,40,138
3,25,47.177,10,5,120,40,40,138
3,25,53.226,10,5,120,40,40,138
3,25,46.774,10,5,120,40,40,138
3,25,53.629,10,5,120,40,40,138
3,25,46.371,10,5,120,40,40,138
3,25,54.032,10,5,120,40,40,138
3,25,45.968,10,5,120,40,40,138
3,25,54.435,10,5,120,40,40,138
3,25,45.565,10,5,120,40,40,138
3,25,54.839,10,5,120,40,40,138
3,25,45.161,10,5,120,40,40,138
3,25,55.242,10,5,120,40,40,138
3,25,44.758,10,5,120,40,40,138
3,25,55.645,10,5,120,40,40,138
3,25,44.355,10,5,120,40,40,138
3,25,56.048,10,5,120,40,40,138
3,25,43.952,10,5,120,40,40,138
3,25,56.452,10,5,120,40,40,138
3,25,43.548,10,5,120,40,40,138
3,25,56.855,10,5,120,40,40,138
3,25,43.145,10,5,120,40,40,138
3,25,57.258,10,5,120,40,40,138
3,25,42.742,10,5,120,40,40,138
3,25,57.661,10,5,120,40,40,138
3,25,42.339,10,5,120,40,40,138
3,25,58.065,10,5,120,40,40,138
3,25,41.935,10,5,120,40,40,138
3,25,58.468,10,5,120,40,40,138
3,25,41.532,10,5,120,40,40,138
3,25,58.871,10,5,120,40,40,138
3,25,41.129,10,5,120,40,40,138
3,25,59.274,10,5,120,40,40,138
3,25,40.726,10,5,120,40,40,138
3,25,59.677,10,5,120,40,40,138
3,25,40.323,10,5,120,40,40,138
3,25,60.081,10,5,120,40,40,138
3,25,39.919,10,5,120,40,40,138
3,25,60.484,10,5,120,40,40,138
3,25,39.516,10,5,120,40,40,138
3,25,60.887,10,5,120,40,40,138
3,25,39.113,10,5,120,40,40,138
3,25,61.29,10,5,120,40,40,138
3,25,38.71,10,5,120,40,40,138
3,25,61.694,10,5,120,40,40,138
3,25,38.306,10,5,120,40,40,138
3,25,62.097,10,5,120,40,40,138
3,25,37.903,10,5,120,40,40,138
3,25,62.5,10,5,120,40,40,138
3,25,37.5,10,5,120,40,40,138
3,25,62.903,10,5,120,40,40,138
3,25,37.097,10,5,120,40,40,138
3,25,63.306,10,5,120,40,40,138
3,25,36.694,10,5,120,40,40,138
3,25,63.71,10,5,120,40,40,138
3,25,36.29,10,5,120,40,40,138
3,25,64.113,10,5,120,40,40,138
3,25,35.887,10,5,120,40,40,138
3,25,64.516,10,5,120,40,40,138
3,25,35.484,10,5,120,40,40,138
3,25,64.919,10,5,120,40,40,138
3,25,35.081,10,5,120,40,40,138
3,25,65.323,10,5,120,40,40,138
3,25,34.677,10,5,120,40,40,138
3,25,65.726,10,5,120,40,40,138
3,25,34.274,10,5,120,40,40,138
3,25,66.129,10,5,120,40,40,138
3,25,33.871,10,5,120,40,40,138
3,25,66.532,10,5,120,40,40,138
3,25,33.468,10,5,120,40,40,138
3,25,66.935,10,5,120,40,40,138
3,25,33.065,10,5,120,40,40,138
3,25,67.339,10,5,120,40,40,138
3,25,32.661,10,5,120,40,40,138
3,25,67.742,10,5,120,40,40,138
3,25,32.258,10,5,120,40,40,138
3,25,68.145,10,5,120,40,40,138
3,25,31.855,10,5,120,40,40,138
3,25,68.548,10,5,120,40,40,138
3,25,31.452,10,5,120,40,40,138
3,25,68.952,10,5,120,40,40,138
3,25,31.048,10,5,120,40,40,138
3,25,69.355,10,5,120,40,40,138
3,25,30.645,10,5,120,40,40,138
3,25,69.758,10,5,120,40,40,138
3,25,30.242,10,5,120,40,40,138
3,25,70.161,10,5,120,40,40,138
3,25,29.839,10,5,120,40,40,138
3,25,70.565,10,5,120,40,40,138
3,25,29.435,10,5,120,40,40,138
3,25,70.968,10,5,120,40,40,138
3,25,29.032,10,5,120,40,40,138
3,25,71.371,10,5,120,40,40,138
3,25,28.629,10,5,120,40,40,138
3,25,71.774,10,5,120,40,40,138
3,25,28.226,10,5,120,40,40,138
3,25,72.177,10,5,120,40,40,138
3,25,27.823,10,5,120,40,40,138
3,25,72.581,10,5,120,40,40,138
3,25,27.419,10,5,120,40,40,138
3,25,72.984,10,5,120,40,40,138
3,25,27.016,10,5,120,40,40,138
3,25,73.387,10,5,120,40,40,138
3,25,26.613,10,5,120,40,40,138
3,25,73.79,10,5,120,40,40,138
3,25,26.21,10,5,120,40,40,138
3,25,74.194,10,5,120,40,40,138
3,25,25.806,10,5,120,40,40,138
3,25,74.597,10,5,120,40,40,138
3,25,25.403,10,5,120,40,40,138
3,25,75,10,5,120,40,40,138
3,25,25,10,5,120,40,40,138
3,25,50,10,5,120,40.323,40,138
3,25,50,10,5,120,39.677,40,138
3,25,50,10,5,120,40.645,40,138
3,25,50,10,5,120,39.355,40,138
3,25,50,10,5,120,40.968,40,138
3,25,50,10,5,120,39.032,40,138
3,25,50,10,5,120,41.29,40,138
3,25,50,10,5,120,38.71,40,138
3,25,50,10,5,120,41.613,40,138
3,25,50,10,5,120,38.387,40,138
3,25,50,10,5,120,41.935,40,138
3,25,50,10,5,120,38.065,40,138
3,25,50,10,5,120,42.258,40,138
3,25,50,10,5,120,37.742,40,138
3,25,50,10,5,120,42.581,40,138
3,25,50,10,5,120,37.419,40,138
3,25,50,10,5,120,42.903,40,138
3,25,50,10,5,120,37.097,40,138
3,25,50,10,5,120,43.226,40,138
3,25,50,10,5,120,36.774,40,138
3,25,50,10,5,120,43.548,40,138
3,25,50,10,5,120,36.452,40,138
3,25,50,10,5,120,43.871,40,138
3,25,50,10,5,120,36.129,40,138
3,25,50,10,5,120,44.194,40,138
3,25,50,10,5,120,35.806,40,138
3,25,50,10,5,120,44.516,40,138
3,25,50,10,5,120,35.484,40,138
3,25,50,10,5,120,44.839,40,138
3,25,50,10,5,120,35.161,40,138
3,25,50,10,5,120,45.161,40,138
3,25,50,10,5,120,34.839,40,138
3,25,50,10,5,120,45.484,40,138
3,25,50,10,5,120,34.516,40,138
3,25,50,10,5,120,45.806,40,138
3,25,50,10,5,120,34.194,40,138
3,25,50,10,5,120,46.129,40,138
3,25,50,10,5,120,33.871,40,138
3,25,50,10,5,120,46.452,40,138
3,25,50,10,5,120,33.548,40,138
3,25,50,10,5,120,46.774,40,138
3,25,50,10,5,120,33.226,40,138
3,25,50,10,5,120,47.097,40,138
3,25,50,10,5,120,32.903,40,138
3,25,50,10,5,120,47.419,40,138
3,25,50,10,5,120,32.581,40,138
3,25,50,10,5,120,47.742,40,138
3,25,50,10,5,120,32.258,40,138
3,25,50,10,5,120,48.065,40,138
3,25,50,10,5,120,31.935,40,138
3,25,50,10,5,120,48.387,40,138
3,25,50,10,5,120,31.613,40,138
3,25,50,10,5,120,48.71,40,138
3,25,50,10,5,120,31.29,40,138
3,25,50,10,5,120,49.032,40,138
3,25,50,10,5,120,30.968,40,138
3,25,50,10,5,120,49.355,40,138
3,25,50,10,5,120,30.645,40,138
3,25,50,10,5,120,49.677,40,138
3,25,50,10,5,120,30.323,40,138
3,25,50,10,5,120,50,40,138
3,25,50,10,5,120,30,40,138
3,25,50,10,5,120,50.323,40,138
3,25,50,10,5,120,29.677,40,138
3,25,50,10,5,120,50.645,40,138
3,25,50,10,5,120,29.355,40,138
3,25,50,10,5,120,50.968,40,138
3,25,50,10,5,120,29.032,40,138
3,25,50,10,5,120,51.29,40,138
3,25,50,10,5,120,28.71,40,138
3,25,50,10,5,120,51.613,40,138
3,25,50,10,5,120,28.387,40,138
3,25,50,10,5,120,51.935,40,138
3,25,50,10,5,120,28.065,40,138
3,25,50,10,5,120,52.258,40,138
3,25,50,10,5,120,27.742,40,138
3,25,50,10,5,120,52.581,40,138
3,25,50,10,5,120,27.419,40,138
3,25,50,10,5,120,52.903,40,138
3,25,50,10,5,120,27.097,40,138
3,25,50,10,5,120,53.226,40,138
3,25,50,10,5,120,26.774,40,138
3,25,50,10,5,120,53.548,40,138
3,25,50,10,5,120,26.452,40,138
3,25,50,10,5,120,53.871,40,138
3,25,50,10,5,120,26.129,40,138
3,25,50,10,5,120,54.194,40,138
3,25,50,10,5,120,25.806,40,138
3,25,50,10,5,120,54.516,40,138
3,25,50,10,5,120,25.484,40,138
3,25,50,10,5,120,54.839,40,138
3,25,50,10,5,120,25.161,40,138
3,25,50,10,5,120,55.161,40,138
3,25,50,10,5,120,24.839,40,138
3,25,50,10,5,120,55.484,40,138
3,25,50,10,5,120,24.516,40,138
3,25,50,10,5,120,55.806,40,138
3,25,50,10,5,120,24.194,40,138
3,25,50,10,5,120,56.129,40,138
3,25,50,10,5,120,23.871,40,138
3,25,50,10,5,120,56.452,40,138
3,25,50,10,5,120,23.548,40,138
3,25,50,10,5,120,56.774,40,138
3,25,50,10,5,120,23.226,40,138
3,25,50,10,5,120,57.097,40,138
3,25,50,10,5,120,22.903,40,138
3,25,50,10,5,120,57.419,40,138
3,25,50,10,5,120,22.581,40,138
3,25,50,10,5,120,57.742,40,138
3,25,50,10,5,120,22.258,40,138
3,25,50,10,5,120,21.935,40,138
3,25,50,10,5,120,21.613,40,138
3,25,50,10,5,120,21.29,40,138
3,25,50,10,5,120,20.968,40,138
3,25,50,10,5,120,20.645,40,138
3,25,50,10,5,120,20.323,40,138
3,25,50,10,5,120,20,40,138
3,25,50,10,5,120,40,40.323,138
3,25,50,10,5,120,40,39.677,138
3,25,50,10,5,120,40,40.645,138
3,25,50,10,5,120,40,39.355,138
3,25,50,10,5,120,40,40.968,138
3,25,50,10,5,120,40,39.032,138
3,25,50,10,5,120,40,41.29,138
3,25,50,10,5,120,40,38.71,138
3,25,50,10,5,120,40,41.613,138
3,25,50,10,5,120,40,38.387,138
3,25,50,10,5,120,40,41.935,138
3,25,50,10,5,120,40,38.065,138
3,25,50,10,5,120,40,42.258,138
3,25,50,10,5,120,40,37.742,138
3,25,50,10,5,120,40,42.581,138
3,25,50,10,5,120,40,37.419,138
3,25,50,10,5,120,40,42.903,138
3,25,50,10,5,120,40,37.097,138
3,25,50,10,5,120,40,43.226,138
3,25,50,10,5,120,40,36.774,138
3,25,50,10,5,120,40,43.548,138
3,25,50,10,5,120,40,36.452,138
3,25,50,10,5,120,40,43.871,138
3,25,50,10,5,120,40,36.129,138
3,25,50,10,5,120,40,44.194,138
3,25,50,10,5,120,40,35.806,138
3,25,50,10,5,120,40,44.516,138
3,25,50,10,5,120,40,35.484,138
3,25,50,10,5,120,40,44.839,138
3,25,50,10,5,120,40,35.161,138
3,25,50,10,5,120,40,45.161,138
3,25,50,10,5,120,40,34.839,138
3,25,50,10,5,120,40,45.484,138
3,25,50,10,5,120,40,34.516,138
3,25,50,10,5,120,40,45.806,138
3,25,50,10,5,120,40,34.194,138
3,25,50,10,5,120,40,46.129,138
3,25,50,10,5,120,40,33.871,138
3,25,50,10,5,120,40,46.452,138
3,25,50,10,5,120,40,33.548,138
3,25,50,10,5,120,40,46.774,138
3,25,50,10,5,120,40,33.226,138
3,25,50,10,5,120,40,47.097,138
3,25,50,10,5,120,40,32.903,138
3,25,50,10,5,120,40,47.419,138
3,25,50,10,5,120,40,32.581,138
3,25,50,10,5,120,40,47.742,138
3,25,50,10,5,120,40,32.258,138
3,25,50,10,5,120,40,48.065,138
3,25,50,10,5,120,40,31.935,138
3,25,50,10,5,120,40,48.387,138
3,25,50,10,5,120,40,31.613,138
3,25,50,10,5,120,40,48.71,138
3,25,50,10,5,120,40,31.29,138
3,25,50,10,5,120,40,49.032,138
3,25,50,10,5,120,40,30.968,138
3,25,50,10,5,120,40,49.355,138
3,25,50,10,5,120,40,30.645,138
3,25,50,10,5,120,40,49.677,138
3,25,50,10,5,120,40,30.323,138
3,25,50,10,5,120,40,50,138
3,25,50,10,5,120,40,30,138
3,25,50,10,5,120,40,50.323,138
3,25,50,10,5,120,40,29.677,138
3,25,50,10,5,120,40,50.645,138
3,25,50,10,5,120,40,29.355,138
3,25,50,10,5,120,40,50.968,138
3,25,50,10,5,120,40,29.032,138
3,25,50,10,5,120,40,51.29,138
3,25,50,10,5,120,40,28.71,138
3,25,50,10,5,120,40,51.613,138
3,25,50,10,5,120,40,28.387,138
3,25,50,10,5,120,40,51.935,138
3,25,50,10,5,120,40,28.065,138
3,25,50,10,5,120,40,52.258,138
3,25,50,10,5,120,40,27.742,138
3,25,50,10,5,120,40,52.581,138
3,25,50,10,5,120,40,27.419,138
3,25,50,10,5,120,40,52.903,138
3,25,50,10,5,120,40,27.097,138
3,25,50,10,5,120,40,53.226,138
3,25,50,10,5,120,40,26.774,138
3,25,50,10,5,120,40,53.548,138
3,25,50,10,5,120,40,26.452,138
3,25,50,10,5,120,40,53.871,138
3,25,50,10,5,120,40,26.129,138
3,25,50,10,5,120,40,54.194,138
3,25,50,10,5,120,40,25.806,138
3,25,50,10,5,120,40,54.516,138
3,25,50,10,5,120,40,25.484,138
3,25,50,10,5,120,40,54.839,138
3,25,50,10,5,120,40,25.161,138
3,25,50,10,5,120,40,55.161,138
3,25,50,10,5,120,40,24.839,138
3,25,50,10,5,120,40,55.484,138
3,25,50,10,5,120,40,24.516,138
3,25,50,10,5,120,40,55.806,138
3,25,50,10,5,120,40,24.194,138
3,25,50,10,5,120,40,56.129,138
3,25,50,10,5,120,40,23.871,138
3,25,50,10,5,120,40,56.452,138
3,25,50,10,5,120,40,23.548,138
3,25,50,10,5,120,40,56.774,138
3,25,50,10,5,120,40,23.226,138
3,25,50,10,5,120,40,57.097,138
3,25,50,10,5,120,40,22.903,138
3,25,50,10,5,120,40,57.419,138
3,25,50,10,5,120,40,22.581,138
3,25,50,10,5,120,40,57.742,138
3,25,50,10,5,120,40,22.258,138
3,25,50,10,5,120,40,21.935,138
3,25,50,10,5,120,40,21.613,138
3,25,50,10,5,120,40,21.29,138
3,25,50,10,5,120,40,20.968,138
3,25,50,10,5,120,40,20.645,138
3,25,50,10,5,120,40,20.323,138
3,25,50,10,5,120,40,20,138
3.024,12,50,10,5,120,40,40,138.024
3,25,50,10,5.04,120,40,40,138.04
3.048,25,50,10,5,120,40,40,138.048
3,25,50,10,5,120,58.065,40,138.065
3,25,50,10,5,120,40,58.065,138.065
3.073,25,50,10,5,120,40,40,138.073
3,25,50,10.081,5,120,40,40,138.081
3,25,50,10,5.081,120,40,40,138.081
3.097,25,50,10,5,120,40,40,138.097
3.121,25,50,10,5,120,40,40,138.121
3,25,50,10,5.121,120,40,40,138.121
3.145,25,50,10,5,120,40,40,138.145
3,25,50,10.161,5,120,40,40,138.161
3,25,50,10,5.161,120,40,40,138.161
3.169,25,50,10,5,120,40,40,138.169
3.194,25,50,10,5,120,40,40,138.194
3,25,50,10,5.202,120,40,40,138.202
3.218,25,50,10,5,120,40,40,138.218
3.242,25,50,10,5,120,40,40,138.242
3,25,50,10.242,5,120,40,40,138.242
3,25,50,10,5.242,120,40,40,138.242
3.266,25,50,10,5,120,40,40,138.266
3,25,50,10,5.282,120,40,40,138.282
3.29,25,50,10,5,120,40,40,138.29
3.315,25,50,10,5,120,40,40,138.315
3,25,50,10.323,5,120,40,40,138.323
3,25,50,10,5.323,120,40,40,138.323
3.339,25,50,10,5,120,40,40,138.339
3.363,25,50,10,5,120,40,40,138.363
3,25,50,10,5.363,120,40,40,138.363
3.387,25,50,10,5,120,40,40,138.387
3,25,50,10,5,120,58.387,40,138.387
3,25,50,10,5,120,40,58.387,138.387
3,25,50,10.403,5,120,40,40,138.403
3,25,50,10,5.403,120,40,40,138.403
3.411,25,50,10,5,120,40,40,138.411
3.435,25,50,10,5,120,40,40,138.435
3,25,50,10,5.444,120,40,40,138.444
3.46,25,50,10,5,120,40,40,138.46
3.484,25,50,10,5,120,40,40,138.484
3,25,50,10.484,5,120,40,40,138.484
3,25,50,10,5.484,120,40,40,138.484
3.508,25,50,10,5,120,40,40,138.508
3,25,50,10,5.524,120,40,40,138.524
3.532,25,50,10,5,120,40,40,138.532
3.556,25,50,10,5,120,40,40,138.556
3,25,50,10.565,5,120,40,40,138.565
3,25,50,10,5.565,120,40,40,138.565
3.581,25,50,10,5,120,40,40,138.581
3.605,25,50,10,5,120,40,40,138.605
3,25,50,10,5.605,120,40,40,138.605
3.629,25,50,10,5,120,40,40,138.629
3,25,50,10.645,5,120,40,40,138.645
3,25,50,10,5.645,120,40,40,138.645
3.653,25,50,10,5,120,40,40,138.653
3.677,25,50,10,5,120,40,40,138.677
3,25,50,10,5.685,120,40,40,138.685
3.702,25,50,10,5,120,40,40,138.702
3,25,50,10,5,120,58.71,40,138.71
3,25,50,10,5,120,40,58.71,138.71
3.726,25,50,10,5,120,40,40,138.726
3,25,50,10.726,5,120,40,40,138.726
3,25,50,10,5.726,120,40,40,138.726
3.75,25,50,10,5,120,40,40,138.75
3,25,50,10,5.766,120,40,40,138.766
3.774,25,50,10,5,120,40,40,138.774
3.798,25,50,10,5,120,40,40,138.798
3,25,50,10.806,5,120,40,40,138.806
3,25,50,10,5.806,120,40,40,138.806
3.823,25,50,10,5,120,40,40,138.823
3.847,25,50,10,5,120,40,40,138.847
3,25,50,10,5.847,120,40,40,138.847
3.871,25,50,10,5,120,40,40,138.871
3,25,50,10.887,5,120,40,40,138.887
3,25,50,10,5.887,120,40,40,138.887
3.895,25,50,10,5,120,40,40,138.895
3.919,25,50,10,5,120,40,40,138.919
3,25,50,10,5.927,120,40,40,138.927
3.944,25,50,10,5,120,40,40,138.944
3.968,25,50,10,5,120,40,40,138.968
3,25,50,10.968,5,120,40,40,138.968
3,25,50,10,5.968,120,40,40,138.968
3,25,50,10,5,120.968,40,40,138.968
3.992,25,50,10,5,120,40,40,138.992
3,25,50,10,6.008,120,40,40,139.008
4.016,25,50,10,5,120,40,40,139.016
3,25,50,10,5,120,59.032,40,139.032
3,25,50,10,5,120,40,59.032,139.032
4.04,25,50,10,5,120,40,40,139.04
3,25,50,11.048,5,120,40,40,139.048
3,25,50,10,6.048,120,40,40,139.048
4.065,25,50,10,5,120,40,40,139.065
4.089,25,50,10,5,120,40,40,139.089
3,25,50,10,6.089,120,40,40,139.089
4.113,25,50,10,5,120,40,40,139.113
3,25,50,11.129,5,120,40,40,139.129
3,25,50,10,6.129,120,40,40,139.129
4.137,25,50,10,5,120,40,40,139.137
4.161,25,50,10,5,120,40,40,139.161
3,25,50,10,6.169,120,40,40,139.169
4.185,25,50,10,5,120,40,40,139.185
4.21,25,50,10,5,120,40,40,139.21
3,25,50,11.21,5,120,40,40,139.21
3,25,50,10,6.21,120,40,40,139.21
4.234,25,50,10,5,120,40,40,139.234
3,25,50,10,6.25,120,40,40,139.25
4.258,25,50,10,5,120,40,40,139.258
4.282,25,50,10,5,120,40,40,139.282
3,25,50,11.29,5,120,40,40,139.29
3,25,50,10,6.29,120,40,40,139.29
4.306,25,50,10,5,120,40,40,139.306
4.331,25,50,10,5,120,40,40,139.331
3,25,50,10,6.331,120,40,40,139.331
4.355,25,50,10,5,120,40,40,139.355
3,25,50,10,5,120,59.355,40,139.355
3,25,50,10,5,120,40,59.355,139.355
3,25,50,11.371,5,120,40,40,139.371
3,25,50,10,6.371,120,40,40,139.371
4.379,25,50,10,5,120,40,40,139.379
4.403,25,50,10,5,120,40,40,139.403
3,25,50,10,6.411,120,40,40,139.411
4.427,25,50,10,5,120,40,40,139.427
4.452,25,50,10,5,120,40,40,139.452
3,25,50,11.452,5,120,40,40,139.452
3,25,50,10,6.452,120,40,40,139.452
4.476,25,50,10,5,120,40,40,139.476
3,25,50,10,6.492,120,40,40,139.492
4.5,25,50,10,5,120,40,40,139.5
3,25,50,11.532,5,120,40,40,139.532
3,25,50,10,6.532,120,40,40,139.532
3,25,50,10,6.573,120,40,40,139.573
3,25,50,11.613,5,120,40,40,139.613
3,25,50,10,6.613,120,40,40,139.613
3,25,50,10,6.653,120,40,40,139.653
3,25,50,10,5,120,59.677,40,139.677
3,25,50,10,5,120,40,59.677,139.677
3,25,50,11.694,5,120,40,40,139.694
3,25,50,10,6.694,120,40,40,139.694
3,25,50,10,6.734,120,40,40,139.734
3,25,50,11.774,5,120,40,40,139.774
3,25,50,10,6.774,120,40,40,139.774
3,25,50,10,6.815,120,40,40,139.815
3,25,50,11.855,5,120,40,40,139.855
3,25,50,10,6.855,120,40,40,139.855
3,25,50,10,6.895,120,40,40,139.895
3,25,50,11.935,5,120,40,40,139.935
3,25,50,10,6.935,120,40,40,139.935
3,25,50,10,5,121.935,40,40,139.935
3,25,50,10,6.976,120,40,40,139.976
3,25,50,10,5,120,60,40,140
3,25,50,10,5,120,40,60,140
3,25,50,12.016,5,120,40,40,140.016
3,25,50,10,7.016,120,40,40,140.016
3,25,50,10,7.056,120,40,40,140.056
3,25,50,12.097,5,120,40,40,140.097
3,25,50,10,7.097,120,40,40,140.097
3,25,50,10,7.137,120,40,40,140.137
3,25,50,12.177,5,120,40,40,140.177
3,25,50,10,7.177,120,40,40,140.177
3,25,50,10,7.218,120,40,40,140.218
3,25,50,12.258,5,120,40,40,140.258
3,25,50,10,7.258,120,40,40,140.258
3,25,50,10,7.298,120,40,40,140.298
3,25,50,12.339,5,120,40,40,140.339
3,25,50,10,7.339,120,40,40,140.339
3,25,50,10,7.379,120,40,40,140.379
3,25,50,12.419,5,120,40,40,140.419
3,25,50,10,7.419,120,40,40,140.419
3,25,50,10,7.46,120,40,40,140.46
3,25,50,12.5,5,120,40,40,140.5
3,25,50,10,7.5,120,40,40,140.5
3,25,50,12.581,5,120,40,40,140.581
3,25,50,12.661,5,120,40,40,140.661
3,25,50,12.742,5,120,40,40,140.742
3,25,50,12.823,5,120,40,40,140.823
3,25,50,12.903,5,120,40,40,140.903
3,25,50,10,5,122.903,40,40,140.903
3,25,50,12.984,5,120,40,40,140.984
3,25,50,13.065,5,120,40,40,141.065
3,25,50,13.145,5,120,40,40,141.145
3,25,50,13.226,5,120,40,40,141.226
3,25,50,13.306,5,120,40,40,141.306
3,25,50,13.387,5,120,40,40,141.387
3,25,50,13.468,5,120,40,40,141.468
3,25,50,13.548,5,120,40,40,141.548
3,25,50,13.629,5,120,40,40,141.629
3,25,50,13.71,5,120,40,40,141.71
3,25,50,13.79,5,120,40,40,141.79
3,25,50,13.871,5,120,40,40,141.871
3,25,50,10,5,123.871,40,40,141.871
3,25,50,13.952,5,120,40,40,141.952
3,25,50,14.032,5,120,40,40,142.032
3,25,50,14.113,5,120,40,40,142.113
3,25,50,14.194,5,120,40,40,142.194
3,25,50,14.274,5,120,40,40,142.274
3,25,50,14.355,5,120,40,40,142.355
3,25,50,14.435,5,120,40,40,142.435
3,25,50,14.516,5,120,40,40,142.516
3,25,50,14.597,5,120,40,40,142.597
3,25,50,14.677,5,120,40,40,142.677
3,25,50,14.758,5,120,40,40,142.758
3,25,50,14.839,5,120,40,40,142.839
3,25,50,10,5,124.839,40,40,142.839
3,25,50,14.919,5,120,40,40,142.919
3,25,50,15,5,120,40,40,143
3,25,50,10,5,125.806,40,40,143.806
3,25,50,10,5,126.774,40,40,144.774
3,25,50,10,5,127.742,40,40,145.742
3,25,50,10,5,128.71,40,40,146.71
3,25,50,10,5,129.677,40,40,147.677
3,25,50,10,5,130.645,40,40,148.645
3,25,50,10,5,131.613,40,40,149.613
3,25,50,10,5,132.581,40,40,150.581
3,25,50,10,5,133.548,40,40,151.548
3,25,50,10,5,134.516,40,40,152.516
3,25,50,10,5,135.484,40,40,153.484
3,25,50,10,5,136.452,40,40,154.452
3,25,50,10,5,137.419,40,40,155.419
3,25,50,10,5,138.387,40,40,156.387
3,25,50,10,5,139.355,40,40,157.355
3,25,50,10,5,140.323,40,40,158.323
3,25,50,10,5,141.29,40,40,159.29
3,25,50,10,5,142.258,40,40,160.258
3,25,50,10,5,143.226,40,40,161.226
3,25,50,10,5,144.194,40,40,162.194
3,25,50,10,5,145.161,40,40,163.161
3,25,50,10,5,146.129,40,40,164.129
3,25,50,10,5,147.097,40,40,165.097
3,25,50,10,5,148.065,40,40,166.065
3,25,50,10,5,149.032,40,40,167.032
3,25,50,10,5,150,40,40,168
3,25,50,10,5,150.968,40,40,168.968
3,25,50,10,5,151.935,40,40,169.935
3,25,50,10,5,152.903,40,40,170.903
3,25,50,10,5,153.871,40,40,171.871
3,25,50,10,5,154.839,40,40,172.839
3,25,50,10,5,155.806,40,40,173.806
3,25,50,10,5,156.774,40,40,174.774
3,25,50,10,5,157.742,40,40,175.742
3,25,50,10,5,158.71,40,40,176.71
3,25,50,10,5,159.677,40,40,177.677
3,25,50,10,5,160.645,40,40,178.645
3,25,50,10,5,161.613,40,40,179.613
3,25,50,10,5,162.581,40,40,180.581
3,25,50,10,5,163.548,40,40,181.548
3,25,50,10,5,164.516,40,40,182.516
3,25,50,10,5,165.484,40,40,183.484
3,25,50,10,5,166.452,40,40,184.452
3,25,50,10,5,167.419,40,40,185.419
3,25,50,10,5,168.387,40,40,186.387
3,25,50,10,5,169.355,40,40,187.355
3,25,50,10,5,170.323,40,40,188.323
3,25,50,10,5,171.29,40,40,189.29
3,25,50,10,5,172.258,40,40,190.258
3,25,50,10,5,173.226,40,40,191.226
3,25,50,10,5,174.194,40,40,192.194
3,25,50,10,5,175.161,40,40,193.161
3,25,50,10,5,176.129,40,40,194.129
3,25,50,10,5,177.097,40,40,195.097
3,25,50,10,5,178.065,40,40,196.065
3,25,50,10,5,179.032,40,40,197.032
3,25,50,10,5,180,40,40,198
3,25,50,10,5,174.194,40,40,192.194
3,25,50,10,5,174.194,40,40,192.194
3,25,50,10,5,174.194,40,40,192.194
3,25,50,10,5,174.194,40,40,192.194
3,25,50,10,5,174.194,40,40,192.194
3,25,50,10,5,174.194,40,40,192.194
3,25,50,10,5,174.194,40,40,192.194
3,25,50,10,5,174.194,40,40,192.194
3,25,50,10,5,174.194,40,40,192.194
3,25,50,10,5,174.194,40,40,192.194
3,25,50,10,5,174.194,40,40,192.194
3,25,50,10,5,174.194,40,40,192.194
3,25,50,10,5,174.194,40,40,192.194
3,25,50,10,5,174.194,40,40,192.194
3,25,50,10,5,174.194,40,40,192.194
3,25,50,10,5,174.194,40,40,192.194
3,25,50,10,5,174.194,40,40,192.194
3,25,50,10,5,174.194,40,40,192.194
3,25,50,10,5,174.194,40,40,192.194
3,25,50,10,5,174.194,40,40,192.194
3,25,50,10,5,174.194,40,40,192.194
3,25,50,10,5,174.194,40,40,192.194
3,25,50,10,5,174.194,40,40,192.194
3,25,50,10,5,174.194,40,40,192.194
3,25,50,10,5,174.194,40,40,192.194
3,25,50,10,5,174.194,40,40,192.194
3,25,50,10,5,174.194,40,40,192.194
3,25,50,10,5,174.194,40,40,192.194
3,25,50,10,5,174.194,40,40,192.194
3,25,50,10,5,174.194,40,40,192.194
3,25,50,10,5,174.194,40,40,192.194
3,25,50,10,5,174.194,40,40,192.194
3,25,50,10,5,174.194,40,40,192.194
3,25,50,10,5,174.194,40,40,192.194
3,25,50,10,5,174.194,40,40,192.194
3,25,50,10,5,174.194,40,40,192.194
3,25,50,10,5,174.194,40,40,192.194
3,25,50,10,5,174.194,40,40,192.194
3,25,50,10,5,174.194,40,40,192.194
3,25,50,10,5,174.194,40,40,192.194
3,25,50,10,5,174.194,40,40,192.194
3,25,50,10,5,174.194,40,40,192.194
3,25,50,10,5,174.194,40,40,192.194
3,25,50,10,5,174.194,40,40,192.194
3,25,50,10,5,174.194,40,40,192.194
3,25,50,10,5,174.194,40,40,192.194
3,25,50,10,5,174.194,40,40,192.194
3,25,50,10,5,174.194,40,40,192.194
3,25,50,10,5,174.194,40,40,192.194
3,25,50,10,5,174.194,40,40,192.194
3,25,50,10,5,174.194,40,40,192.194
3,25,50,10,5,174.194,40,40,192.194
3,25,50,10,5,174.194,40,40,192.194
3,25,50,10,5,174.194,40,40,192.194
3,25,50,10,5,174.194,40,40,192.194
3,25,50,10,5,174.194,40,40,192.194
3,25,50,10,5,174.194,40,40,192.194
3,25,50,10,5,174.194,40,40,192.194
3,25,50,10,5,174.194,40,40,192.194
3,25,50,10,5,174.194,40,40,192.194
3,25,50,10,5,174.194,40,40,192.194
3,25,50,10,5,174.194,40,40,192.194
3,25,50,10,5,174.194,40,40,192.194
3,25,50,10,5,174.194,40,40,192.194
3,25,50,10,5,174.194,40,40,192.194
3,25,50,10,5,174.194,40,40,192.194
3,25,50,10,5,174.194,40,40,192.194
3,25,50,10,5,174.194,40,40,192.194
3,25,50,10,5,174.194,40,40,192.194
3,25,50,10,5,174.194,40,40,192.194
3,25,50,10,5,174.194,40,40,192.194
3,25,50,10,5,174.194,40,40,192.194
3,25,50,10,5,174.194,40,40,192.194
3,25,50,10,5,174.194,40,40,192.194
3,25,50,10,5,174.194,40,40,192.194
3,25,50,10,5,174.194,40,40,192.194
3,25,50,10,5,174.194,40,40,192.194
3,25,50,10,5,174.194,40,40,192.194
3,25,50,10,5,174.194,40,40,192.194
3,25,50,10,5,174.194,40,40,192.194
3,25,50,10,5,174.194,40,40,192.194
3,25,50,10,5,174.194,40,40,192.194
3,25,50,10,5,174.194,40,40,192.194
3,25,50,10,5,174.194,40,40,192.194
3,25,50,10,5,174.194,40,40,192.194
3,25,50,10,5,174.194,40,40,192.194
3,25,50,10,5,174.194,40,40,192.194
3,25,50,10,5,174.194,40,40,192.194
3,25,50,10,5,174.194,40,40,192.194
3,25,50,10,5,174.194,40,40,192.194
3,25,50,10,5,174.194,40,40,192.194
3,25,50,10,5,174.194,40,40,192.194
3,25,50,10,5,174.194,40,40,192.194
3,25,50,10,5,174.194,40,40,192.194
3,25,50,10,5,174.194,40,40,192.194
3,25,50,10,5,174.194,40,40,192.194
3,25,50,10,5,174.194,40,40,192.194
3,25,50,10,5,174.194,40,40,192.194
3,25,50,10,5,174.194,40,40,192.194
3,25,50,10,5,174.194,40,40,192.194
3,25,50,10,5,174.194,40,40,192.194
3,25,50,10,5,174.194,40,40,192.194
3,25,50,10,5,174.194,40,40,192.194
3,25,50,10,5,174.194,40,40,192.194
3,25,50,10,5,174.194,40,40,192.194
3,25,50,10,5,174.194,40,40,192.194
3,25,50,10,5,174.194,40,40,192.194
3,25,50,10,5,174.194,40,40,192.194
3,25,50,10,5,174.194,40,40,192.194
3,25,50,10,5,174.194,40,40,192.194
3,25,50,10,5,174.194,40,40,192.194
3,25,50,10,5,174.194,40,40,192.194
3,25,50,10,5,174.194,40,40,192.194
3,25,50,10,5,174.194,40,40,192.194
3,25,50,10,5,174.194,40,40,192.194
3,25,50,10,5,174.194,40,40,192.194
3,25,50,10,5,174.194,40,40,192.194
3,25,50,10,5,174.194,40,40,192.194
3,25,50,10,5,174.194,40,40,192.194
3,25,50,10,5,174.194,40,40,192.194
3,25,50,10,5,174.194,40,40,192.194
3,25,50,10,5,174.194,40,40,192.194
3,25,50,10,5,174.194,40,40,192.194
3,25,50,10,5,174.194,40,40,192.194
3,25,50,10,5,174.194,40,40,192.194
3,25,50,10,5,174.194,40,40,192.194
3,25,50,10,5,174.194,40,40,192.194
3,25,50,10,5,174.194,40,40,192.194
3,25,50,10,5,174.194,40,40,192.194
3,25,50,10,5,174.194,40,40,192.194
3,25,50,10,5,174.194,40,40,192.194
3,25,50,10,5,174.194,40,40,192.194
3,25,50,10,5,174.194,40,40,192.194
3,25,50,10,5,174.194,40,40,192.194
3,25,50,10,5,174.194,40,40,192.194
3,25,50,10,5,174.194,40,40,192.194
3,25,50,10,5,174.194,40,40,192.194
3,25,50,10,5,174.194,40,40,192.194
3,25,50,10,5,174.194,40,40,192.194
3,25,50,10,5,174.194,40,40,192.194
3,25,50,10,5,174.194,40,40,192.194
3,25,50,10,5,174.194,40,40,192.194
3,25,50,10,5,174.194,40,40,192.194
3,25,50,10,5,174.194,40,40,192.194
3,25,50,10,5,174.194,40,40,192.194
3,25,50,10,5,174.194,40,40,192.194
3,25,50,10,5,174.194,40,40,192.194
3,25,50,10,5,174.194,40,40,192.194
3,25,50,10,5,174.194,40,40,192.194
3,25,50,10,5,174.194,40,40,192.194
3,25,50,10,5,174.194,40,40,192.194
3,25,50,10,5,174.194,40,40,192.194
3,25,50,10,5,174.194,40,40,192.194
3,25,50,10,5,174.194,40,40,192.194
3,25,50,10,5,174.194,40,40,192.194
3,25,50,10,5,174.194,40,40,192.194
3,25,50,10,5,174.194,40,40,192.194
3,25,50,10,5,174.194,40,40,192.194
3,25,50,10,5,174.194,40,40,192.194
3,25,50,10,5,174.194,40,40,192.194
3,25,50,10,5,174.194,40,40,192.194
3,25,50,10,5,174.194,40,40,192.194
3,25,50,10,5,174.194,40,40,192.194
3,25,50,10,5,174.194,40,40,192.194
3,25,50,10,5,174.194,40,40,192.194
3,25,50,10,5,174.194,40,40,192.194
3,25,50,10,5,174.194,40,40,192.194
3,25,50,10,5,174.194,40,40,192.194
3,25,50,10,5,174.194,40,40,192.194
3,25,50,10,5,174.194,40,40,192.194
3,25,50,10,5,174.194,40,40,192.194
3,25,50,10,5,174.194,40,40,192.194
3,25,50,10,5,174.194,40,40,192.194
3,25,50,10,5,174.194,40,40,192.194
3,25,50,10,5,174.194,40,40,192.194
3,25,50,10,5,174.194,40,40,192.194
3,25,50,10,5,174.194,40,40,192.194
3,25,50,10,5,174.194,40,40,192.194
3,25,50,10,5,174.194,40,40,192.194
3,25,50,10,5,174.194,40,40,192.194
3,25,50,10,5,174.194,40,40,192.194
3,25,50,10,5,174.194,40,40,192.194
3,25,50,10,5,174.194,40,40,192.194
3,25,50,10,5,174.194,40,40,192.194
3,25,50,10,5,174.194,40,40,192.194
3,25,50,10,5,174.194,40,40,192.194
3,25,50,10,5,174.194,40,40,192.194
3,25,50,10,5,174.194,40,40,192.194
3,25,50,10,5,174.194,40,40,192.194
3,25,50,10,5,174.194,40,40,192.194
3,25,50,10,5,174.194,40,40,192.194
3,25,50,10,5,174.194,40,40,192.194
3,25,50,10,5,174.194,40,40,192.194
3,25,50,10,5,174.194,40,40,192.194
3,25,50,10,5,174.194,40,40,192.194
3,25,50,10,5,174.194,40,40,192.194
3,25,50,10,5,174.194,40,40,192.194
3,25,50,10,5,174.194,40,40,192.194
3,25,50,10,5,174.194,40,40,192.194
3,25,50,10,5,174.194,40,40,192.194
3,25,50,10,5,174.194,40,40,192.194
3,25,50,10,5,174.194,40,40,192.194
3,25,50,10,5,174.194,40,40,192.194
3,25,50,10,5,174.194,40,40,192.194
3,25,50,10,5,174.194,40,40,192.194
3,25,50,10,5,174.194,40,40,192.194
3,25,50,10,5,174.194,40,40,192.194
3,25,50,10,5,174.194,40,40,192.194
3,25,50,10,5,174.194,40,40,192.194
3,25,50,10,5,174.194,40,40,192.194
3,25,50,10,5,174.194,40,40,192.194
3,25,50,10,5,174.194,40,40,192.194
3,25,50,10,5,174.194,40,40,192.194
3,25,50,10,5,174.194,40,40,192.194
3,25,50,10,5,174.194,40,40,192.194
3,25,50,10,5,174.194,40,40,192.194
3,25,50,10,5,174.194,40,40,192.194
3,25,50,10,5,174.194,40,40,192.194
3,25,50,10,5,174.194,40,40,192.194
3,25,50,10,5,174.194,40,40,192.194
3,25,50,10,5,174.194,40,40,192.194
3,25,50,10,5,174.194,40,40,192.194
3,25,50,10,5,174.194,40,40,192.194
3,25,50,10,5,174.194,40,40,192.194
3,25,50,10,5,174.194,40,40,192.194
3,25,50,10,5,174.194,40,40,192.194
3,25,50,10,5,174.194,40,40,192.194
3,25,50,10,5,174.194,40,40,192.194
3,25,50,10,5,174.194,40,40,192.194
3,25,50,10,5,174.194,40,40,192.194
3,25,50,10,5,174.194,40,40,192.194
3,25,50,10,5,174.194,40,40,192.194
3,25,50,10,5,174.194,40,40,192.194
3,25,50,10,5,174.194,40,40,192.194
3,25,50,10,5,174.194,40,40,192.194
3,25,50,10,5,174.194,40,40,192.194
3,25,50,10,5,174.194,40,40,192.194
3,25,50,10,5,174.194,40,40,192.194
3,25,50,10,5,174.194,40,40,192.194
3,25,50,10,5,174.194,40,40,192.194
3,25,50,10,5,174.194,40,40,192.194
3,25,50,10,5,174.194,40,40,192.194
3,25,50,10,5,174.194,40,40,192.194
3,25,50,10,5,174.194,40,40,192.194
3,25,50,10,5,174.194,40,40,192.194
3,25,50,10,5,174.194,40,40,192.194
3,25,50,10,5,174.194,40,40,192.194
3,25,50,10,5,174.194,40,40,192.194
3,25,50,10,5,174.194,40,40,192.194
3,25,50,10,5,174.194,40,40,192.194
3,25,50,10,5,174.194,40,40,192.194
3,25,50,10,5,174.194,40,40,192.194
3,25,50,10,5,174.194,40,40,192.194
3,25,50,10,5,174.194,40,40,192.194
3,25,50,10,5,174.194,40,40,192.194
3,25,50,10,5,174.194,40,40,192.194
3,25,50,10,5,174.194,40,40,192.194
3,25,50,10,5,174.194,40,40,192.194
3,25,50,10,5,174.194,40,40,192.194
3,25,50,10,5,174.194,40,40,192.194
3,25,50,10,5,174.194,40,40,192.194
3,25,50,10,5,174.194,40,40,192.194
3,25,50,10,5,174.194,40,40,192.194
3,25,50,10,5,174.194,40,40,192.194
3,25,50,10,5,174.194,40,40,192.194
3,25,50,10,5,174.194,40,40,192.194
3,25,50,10,5,174.194,40,40,192.194
3,25,50,10,5,174.194,40,40,192.194
3,25,50,10,5,174.194,40,40,192.194
3,25,50,10,5,174.194,40,40,192.194
3,25,50,10,5,174.194,40,40,192.194
3,25,50,10,5,174.194,40,40,192.194
3,25,50,10,5,174.194,40,40,192.194
3,25,50,10,5,174.194,40,40,192.194
3,25,50,10,5,174.194,40,40,192.194
3,25,50,10,5,174.194,40,40,192.194
3,25,50,10,5,174.194,40,40,192.194
3,25,50,10,5,174.194,40,40,192.194
3,25,50,10,5,174.194,40,40,192.194
3,25,50,10,5,174.194,40,40,192.194
3,25,50,10,5,174.194,40,40,192.194
3,25,50,10,5,174.194,40,40,192.194
